{"cameraMode":{"drawMode":0,"name":"Shaded","section":"Shading Mode"},"sceneLighting":true,"audioPlay":false,"sceneViewState":{"showFog":true,"showMaterialUpdate":false,"showSkybox":true,"showFlares":true,"showImageEffects":true,"showParticleSystems":true},"in2DMode":false,"pivot":{"x":-26.06107521057129,"y":-2.38934326171875,"z":13.730069160461426},"rotation":{"x":0.06356801092624664,"y":-0.5053017139434815,"z":0.03737850487232208,"w":0.8598105311393738},"size":40.19158935546875,"orthographic":false}