{"cameraMode":{"drawMode":0,"name":"Shaded","section":"Shading Mode"},"sceneLighting":true,"audioPlay":false,"sceneViewState":{"showFog":false,"showMaterialUpdate":false,"showSkybox":false,"showFlares":false,"showImageEffects":false,"showParticleSystems":false},"in2DMode":false,"pivot":{"x":-0.6781982183456421,"y":1.1397138833999634,"z":0.11739480495452881},"rotation":{"x":-0.13890229165554048,"y":0.4289604425430298,"z":-0.06694283336400986,"w":-0.8900664448738098},"size":2.5048153400421144,"orthographic":false}